Epoch,# of updates,Normalized WH(AGAD),Normalized WC(AGAD),Normalized WH(c-TTv2),Normalized WC(c-TTv2)
0,1,0,-0.07448,0,-0.08345
0,2,0,-0.07448,0,-0.08345
0,3,0,-0.07448,0,-0.08345
0,4,0,-0.07448,0,-0.08345
0,5,0,-0.07448,0,-0.08345
0,6,0.00562,0.05682,0.00136,-0.06836
0,7,0.00562,0.05682,0.00136,-0.06836
0,8,0.00562,0.05682,0.00136,-0.06836
0,9,0.00562,0.05682,0.00136,-0.06836
0,10,0.00562,0.05682,0.00136,-0.06836
0,11,0.00534,-0.08712,-0.01793,-0.03656
0,12,0.00534,-0.08712,-0.01793,-0.03656
0,13,0.00534,-0.08712,-0.01793,-0.03656
0,14,0.00534,-0.08712,-0.01793,-0.03656
0,15,0.00534,-0.08712,-0.01793,-0.03656
0,16,-0.032,-0.0651,-0.02979,-0.08345
0,17,-0.032,-0.0651,-0.02979,-0.08345
0,18,-0.032,-0.0651,-0.02979,-0.08345
0,19,-0.032,-0.0651,-0.02979,-0.08345
0,20,-0.032,-0.0651,-0.02979,-0.08345
0,21,-0.06837,-0.05328,-0.03938,-0.08549
0,22,-0.06837,-0.05328,-0.03938,-0.08549
0,23,-0.06837,-0.05328,-0.03938,-0.08549
0,24,-0.06837,-0.05328,-0.03938,-0.08549
0,25,-0.06837,-0.05328,-0.03938,-0.08549
0,26,-0.11526,-0.07489,-0.04892,-0.04349
0,27,-0.11526,-0.07489,-0.04892,-0.04349
0,28,-0.11526,-0.07489,-0.04892,-0.04349
0,29,-0.11526,-0.07489,-0.04892,-0.04349
0,30,-0.11526,-0.07489,-0.04892,-0.04349
0,31,-0.14598,0.01115,-0.05175,-0.11444
0,32,-0.14598,0.01115,-0.05175,-0.11444
0,33,-0.14598,0.01115,-0.05175,-0.11444
0,34,-0.14598,0.01115,-0.05175,-0.11444
0,35,-0.14598,0.01115,-0.05175,-0.11444
0,36,-0.17538,-0.11036,-0.05733,-0.10791
0,37,-0.17538,-0.11036,-0.05733,-0.10791
0,38,-0.17538,-0.11036,-0.05733,-0.10791
0,39,-0.17538,-0.11036,-0.05733,-0.10791
0,40,-0.17538,-0.11036,-0.05733,-0.10791
0,41,-0.17793,0.07353,-0.06624,-0.0965
0,42,-0.17793,0.07353,-0.06624,-0.0965
0,43,-0.17793,0.07353,-0.06624,-0.0965
0,44,-0.17793,0.07353,-0.06624,-0.0965
0,45,-0.17793,0.07353,-0.06624,-0.0965
0,46,-0.19166,0.014,-0.09956,-0.08549
0,47,-0.19166,0.014,-0.09956,-0.08549
0,48,-0.19166,0.014,-0.09956,-0.08549
0,49,-0.19166,0.014,-0.09956,-0.08549
0,50,-0.19166,0.014,-0.09956,-0.08549
0,51,-0.23955,-0.05695,-0.12723,-0.09568
0,52,-0.23955,-0.05695,-0.12723,-0.09568
0,53,-0.23955,-0.05695,-0.12723,-0.09568
0,54,-0.23955,-0.05695,-0.12723,-0.09568
0,55,-0.23955,-0.05695,-0.12723,-0.09568
0,56,-0.28877,-0.04227,-0.16441,-0.10628
0,57,-0.28877,-0.04227,-0.16441,-0.10628
0,58,-0.28877,-0.04227,-0.16441,-0.10628
0,59,-0.28877,-0.04227,-0.16441,-0.10628
0,60,-0.28877,-0.04227,-0.16441,-0.10628
0,61,-0.26366,0.04988,-0.10537,-0.0859
0,62,-0.26366,0.04988,-0.10537,-0.0859
0,63,-0.26366,0.04988,-0.10537,-0.0859
0,64,-0.26366,0.04988,-0.10537,-0.0859
0,65,-0.26366,0.04988,-0.10537,-0.0859
0,66,-0.30774,-0.0492,-0.04577,-0.10751
0,67,-0.30774,-0.0492,-0.04577,-0.10751
0,68,-0.30774,-0.0492,-0.04577,-0.10751
0,69,-0.30774,-0.0492,-0.04577,-0.10751
0,70,-0.30774,-0.0492,-0.04577,-0.10751
0,71,-0.36352,-0.08223,-0.03671,0.05192
0,72,-0.36352,-0.08223,-0.03671,0.05192
0,73,-0.36352,-0.08223,-0.03671,0.05192
0,74,-0.36352,-0.08223,-0.03671,0.05192
0,75,-0.36352,-0.08223,-0.03671,0.05192
0,76,-0.41101,0.04581,-0.02962,-0.07122
0,77,-0.41101,0.04581,-0.02962,-0.07122
0,78,-0.41101,0.04581,-0.02962,-0.07122
0,79,-0.41101,0.04581,-0.02962,-0.07122
0,80,-0.41101,0.04581,-0.02962,-0.07122
0,81,-0.40533,-0.04716,-0.02796,-0.07937
0,82,-0.40533,-0.04716,-0.02796,-0.07937
0,83,-0.40533,-0.04716,-0.02796,-0.07937
0,84,-0.40533,-0.04716,-0.02796,-0.07937
0,85,-0.40533,-0.04716,-0.02796,-0.07937
0,86,-0.41816,-0.05287,-0.0383,-0.07489
0,87,-0.41816,-0.05287,-0.0383,-0.07489
0,88,-0.41816,-0.05287,-0.0383,-0.07489
0,89,-0.41816,-0.05287,-0.0383,-0.07489
0,90,-0.41816,-0.05287,-0.0383,-0.07489
0,91,-0.45519,-0.02351,-0.05728,-0.05287
0,92,-0.45519,-0.02351,-0.05728,-0.05287
0,93,-0.45519,-0.02351,-0.05728,-0.05287
0,94,-0.45519,-0.02351,-0.05728,-0.05287
0,95,-0.45519,-0.02351,-0.05728,-0.05287
0,96,-0.53106,0.04091,-0.07336,-0.05042
0,97,-0.53106,0.04091,-0.07336,-0.05042
0,98,-0.53106,0.04091,-0.07336,-0.05042
0,99,-0.53106,0.04091,-0.07336,-0.05042
1,100,-0.53106,0.04091,-0.07336,-0.05042
1,101,-0.5879,-0.09813,-0.02561,-0.10261
1,102,-0.5879,-0.09813,-0.02561,-0.10261
1,103,-0.5879,-0.09813,-0.02561,-0.10261
1,104,-0.5879,-0.09813,-0.02561,-0.10261
1,105,-0.5879,-0.09813,-0.02561,-0.10261
1,106,-0.65434,-0.05368,-0.01212,0.03806
1,107,-0.65434,-0.05368,-0.01212,0.03806
1,108,-0.65434,-0.05368,-0.01212,0.03806
1,109,-0.65434,-0.05368,-0.01212,0.03806
1,110,-0.65434,-0.05368,-0.01212,0.03806
1,111,-0.71505,-0.05491,-0.00651,0.02909
1,112,-0.71505,-0.05491,-0.00651,0.02909
1,113,-0.71505,-0.05491,-0.00651,0.02909
1,114,-0.71505,-0.05491,-0.00651,0.02909
1,115,-0.71505,-0.05491,-0.00651,0.02909
1,116,-0.77926,0.04948,0.00571,0.02991
1,117,-0.77926,0.04948,0.00571,0.02991
1,118,-0.77926,0.04948,0.00571,0.02991
1,119,-0.77926,0.04948,0.00571,0.02991
1,120,-0.77926,0.04948,0.00571,0.02991
1,121,-0.78676,-0.02677,-0.00498,-0.04634
1,122,-0.78676,-0.02677,-0.00498,-0.04634
1,123,-0.78676,-0.02677,-0.00498,-0.04634
1,124,-0.78676,-0.02677,-0.00498,-0.04634
1,125,-0.78676,-0.02677,-0.00498,-0.04634
1,126,-0.79518,-0.06673,-0.06484,-0.08141
1,127,-0.79518,-0.06673,-0.06484,-0.08141
1,128,-0.79518,-0.06673,-0.06484,-0.08141
1,129,-0.79518,-0.06673,-0.06484,-0.08141
1,130,-0.79518,-0.06673,-0.06484,-0.08141
1,131,-0.83908,-0.05491,-0.11401,-0.11648
1,132,-0.83908,-0.05491,-0.11401,-0.11648
1,133,-0.83908,-0.05491,-0.11401,-0.11648
1,134,-0.83908,-0.05491,-0.11401,-0.11648
1,135,-0.83908,-0.05491,-0.11401,-0.11648
1,136,-0.88624,-0.07244,-0.19441,-0.10547
1,137,-0.88624,-0.07244,-0.19441,-0.10547
1,138,-0.88624,-0.07244,-0.19441,-0.10547
1,139,-0.88624,-0.07244,-0.19441,-0.10547
1,140,-0.88624,-0.07244,-0.19441,-0.10547
1,141,-0.87378,-0.09527,-0.13918,-0.07366
1,142,-0.87378,-0.09527,-0.13918,-0.07366
1,143,-0.87378,-0.09527,-0.13918,-0.07366
1,144,-0.87378,-0.09527,-0.13918,-0.07366
1,145,-0.87378,-0.09527,-0.13918,-0.07366
1,146,-0.91831,-0.01699,-0.13113,-0.09813
1,147,-0.91831,-0.01699,-0.13113,-0.09813
1,148,-0.91831,-0.01699,-0.13113,-0.09813
1,149,-0.91831,-0.01699,-0.13113,-0.09813
1,150,-0.91831,-0.01699,-0.13113,-0.09813
1,151,-0.95815,-0.05654,-0.13767,-0.11321
1,152,-0.95815,-0.05654,-0.13767,-0.11321
1,153,-0.95815,-0.05654,-0.13767,-0.11321
1,154,-0.95815,-0.05654,-0.13767,-0.11321
1,155,-0.95815,-0.05654,-0.13767,-0.11321
1,156,-0.99424,-0.09242,-0.1436,-0.09038
1,157,-0.99424,-0.09242,-0.1436,-0.09038
1,158,-0.99424,-0.09242,-0.1436,-0.09038
1,159,-0.99424,-0.09242,-0.1436,-0.09038
1,160,-0.99424,-0.09242,-0.1436,-0.09038
1,161,-0.98834,-0.0231,-0.13421,-0.01454
1,162,-0.98834,-0.0231,-0.13421,-0.01454
1,163,-0.98834,-0.0231,-0.13421,-0.01454
1,164,-0.98834,-0.0231,-0.13421,-0.01454
1,165,-0.98834,-0.0231,-0.13421,-0.01454
1,166,0,-0.14543,-0.15594,-0.08671
1,167,0,-0.14543,-0.15594,-0.08671
1,168,0,-0.14543,-0.15594,-0.08671
1,169,0,-0.14543,-0.15594,-0.08671
1,170,0,-0.14543,-0.15594,-0.08671
1,171,-0.015,-0.27754,-0.17004,-0.1018
1,172,-0.015,-0.27754,-0.17004,-0.1018
1,173,-0.015,-0.27754,-0.17004,-0.1018
1,174,-0.015,-0.27754,-0.17004,-0.1018
1,175,-0.015,-0.27754,-0.17004,-0.1018
1,176,-0.03467,-0.31953,-0.21637,-0.06347
1,177,-0.03467,-0.31953,-0.21637,-0.06347
1,178,-0.03467,-0.31953,-0.21637,-0.06347
1,179,-0.03467,-0.31953,-0.21637,-0.06347
1,180,-0.03467,-0.31953,-0.21637,-0.06347
1,181,-0.03546,-0.37213,-0.17487,-0.10628
1,182,-0.03546,-0.37213,-0.17487,-0.10628
1,183,-0.03546,-0.37213,-0.17487,-0.10628
1,184,-0.03546,-0.37213,-0.17487,-0.10628
1,185,-0.03546,-0.37213,-0.17487,-0.10628
1,186,-0.03289,-0.32524,-0.17897,-0.06999
1,187,-0.03289,-0.32524,-0.17897,-0.06999
1,188,-0.03289,-0.32524,-0.17897,-0.06999
1,189,-0.03289,-0.32524,-0.17897,-0.06999
1,190,-0.03289,-0.32524,-0.17897,-0.06999
1,191,-0.05675,-0.3754,-0.20356,0.02909
1,192,-0.05675,-0.3754,-0.20356,0.02909
1,193,-0.05675,-0.3754,-0.20356,0.02909
1,194,-0.05675,-0.3754,-0.20356,0.02909
1,195,-0.05675,-0.3754,-0.20356,0.02909
1,196,-0.08362,-0.20333,-0.2101,-0.1124
1,197,-0.08362,-0.20333,-0.2101,-0.1124
1,198,-0.08362,-0.20333,-0.2101,-0.1124
1,199,-0.08362,-0.20333,-0.2101,-0.1124
2,200,-0.08362,-0.20333,-0.2101,-0.1124
2,201,-0.06985,-0.33381,-0.19817,-0.12096
2,202,-0.06985,-0.33381,-0.19817,-0.12096
2,203,-0.06985,-0.33381,-0.19817,-0.12096
2,204,-0.06985,-0.33381,-0.19817,-0.12096
2,205,-0.06985,-0.33381,-0.19817,-0.12096
2,206,-0.0818,-0.15521,-0.21059,-0.04797
2,207,-0.0818,-0.15521,-0.21059,-0.04797
2,208,-0.0818,-0.15521,-0.21059,-0.04797
2,209,-0.0818,-0.15521,-0.21059,-0.04797
2,210,-0.0818,-0.15521,-0.21059,-0.04797
2,211,-0.09767,-0.3175,-0.222,0.0613
2,212,-0.09767,-0.3175,-0.222,0.0613
2,213,-0.09767,-0.3175,-0.222,0.0613
2,214,-0.09767,-0.3175,-0.222,0.0613
2,215,-0.09767,-0.3175,-0.222,0.0613
2,216,-0.11511,-0.35705,-0.27326,-0.07325
2,217,-0.11511,-0.35705,-0.27326,-0.07325
2,218,-0.11511,-0.35705,-0.27326,-0.07325
2,219,-0.11511,-0.35705,-0.27326,-0.07325
2,220,-0.11511,-0.35705,-0.27326,-0.07325
2,221,-0.1129,-0.34808,-0.29007,-0.05328
2,222,-0.1129,-0.34808,-0.29007,-0.05328
2,223,-0.1129,-0.34808,-0.29007,-0.05328
2,224,-0.1129,-0.34808,-0.29007,-0.05328
2,225,-0.1129,-0.34808,-0.29007,-0.05328
2,226,-0.14054,-0.26286,-0.30896,-0.04553
2,227,-0.14054,-0.26286,-0.30896,-0.04553
2,228,-0.14054,-0.26286,-0.30896,-0.04553
2,229,-0.14054,-0.26286,-0.30896,-0.04553
2,230,-0.14054,-0.26286,-0.30896,-0.04553
2,231,-0.16812,-0.30119,-0.31022,-0.0651
2,232,-0.16812,-0.30119,-0.31022,-0.0651
2,233,-0.16812,-0.30119,-0.31022,-0.0651
2,234,-0.16812,-0.30119,-0.31022,-0.0651
2,235,-0.16812,-0.30119,-0.31022,-0.0651
2,236,-0.18884,-0.34441,-0.31971,-0.11485
2,237,-0.18884,-0.34441,-0.31971,-0.11485
2,238,-0.18884,-0.34441,-0.31971,-0.11485
2,239,-0.18884,-0.34441,-0.31971,-0.11485
2,240,-0.18884,-0.34441,-0.31971,-0.11485
2,241,-0.18502,-0.29425,-0.31952,-0.07692
2,242,-0.18502,-0.29425,-0.31952,-0.07692
2,243,-0.18502,-0.29425,-0.31952,-0.07692
2,244,-0.18502,-0.29425,-0.31952,-0.07692
2,245,-0.18502,-0.29425,-0.31952,-0.07692
2,246,-0.18399,-0.35664,-0.326,-0.08059
2,247,-0.18399,-0.35664,-0.326,-0.08059
2,248,-0.18399,-0.35664,-0.326,-0.08059
2,249,-0.18399,-0.35664,-0.326,-0.08059
2,250,-0.18399,-0.35664,-0.326,-0.08059
2,251,-0.2185,-0.33095,-0.32703,-0.07489
2,252,-0.2185,-0.33095,-0.32703,-0.07489
2,253,-0.2185,-0.33095,-0.32703,-0.07489
2,254,-0.2185,-0.33095,-0.32703,-0.07489
2,255,-0.2185,-0.33095,-0.32703,-0.07489
2,256,-0.25042,-0.29466,-0.3485,-0.02147
2,257,-0.25042,-0.29466,-0.3485,-0.02147
2,258,-0.25042,-0.29466,-0.3485,-0.02147
2,259,-0.25042,-0.29466,-0.3485,-0.02147
2,260,-0.25042,-0.29466,-0.3485,-0.02147
2,261,-0.24657,-0.36112,-0.33288,-0.13075
2,262,-0.24657,-0.36112,-0.33288,-0.13075
2,263,-0.24657,-0.36112,-0.33288,-0.13075
2,264,-0.24657,-0.36112,-0.33288,-0.13075
2,265,-0.24657,-0.36112,-0.33288,-0.13075
2,266,-0.27587,-0.17193,-0.33677,-0.04879
2,267,-0.27587,-0.17193,-0.33677,-0.04879
2,268,-0.27587,-0.17193,-0.33677,-0.04879
2,269,-0.27587,-0.17193,-0.33677,-0.04879
2,270,-0.27587,-0.17193,-0.33677,-0.04879
2,271,-0.29877,-0.25552,-0.35267,-0.06184
2,272,-0.29877,-0.25552,-0.35267,-0.06184
2,273,-0.29877,-0.25552,-0.35267,-0.06184
2,274,-0.29877,-0.25552,-0.35267,-0.06184
2,275,-0.29877,-0.25552,-0.35267,-0.06184
2,276,-0.32497,-0.32076,-0.36353,-0.13197
2,277,-0.32497,-0.32076,-0.36353,-0.13197
2,278,-0.32497,-0.32076,-0.36353,-0.13197
2,279,-0.32497,-0.32076,-0.36353,-0.13197
2,280,-0.32497,-0.32076,-0.36353,-0.13197
2,281,-0.32133,-0.25185,-0.36375,-0.05858
2,282,-0.32133,-0.25185,-0.36375,-0.05858
2,283,-0.32133,-0.25185,-0.36375,-0.05858
2,284,-0.32133,-0.25185,-0.36375,-0.05858
2,285,-0.32133,-0.25185,-0.36375,-0.05858
2,286,-0.31104,-0.28243,-0.36885,-0.03697
2,287,-0.31104,-0.28243,-0.36885,-0.03697
2,288,-0.31104,-0.28243,-0.36885,-0.03697
2,289,-0.31104,-0.28243,-0.36885,-0.03697
2,290,-0.31104,-0.28243,-0.36885,-0.03697
2,291,-0.34824,-0.23105,-0.3828,0.03602
2,292,-0.34824,-0.23105,-0.3828,0.03602
2,293,-0.34824,-0.23105,-0.3828,0.03602
2,294,-0.34824,-0.23105,-0.3828,0.03602
2,295,-0.34824,-0.23105,-0.3828,0.03602
2,296,-0.3985,-0.32973,-0.4002,0.07353
2,297,-0.3985,-0.32973,-0.4002,0.07353
2,298,-0.3985,-0.32973,-0.4002,0.07353
2,299,-0.3985,-0.32973,-0.4002,0.07353
3,300,-0.3985,-0.32973,-0.4002,0.07353
3,301,-0.43635,-0.26204,-0.4008,-0.11688
3,302,-0.43635,-0.26204,-0.4008,-0.11688
3,303,-0.43635,-0.26204,-0.4008,-0.11688
3,304,-0.43635,-0.26204,-0.4008,-0.11688
3,305,-0.43635,-0.26204,-0.4008,-0.11688
3,306,-0.46784,-0.13605,-0.40358,-0.05939
3,307,-0.46784,-0.13605,-0.40358,-0.05939
3,308,-0.46784,-0.13605,-0.40358,-0.05939
3,309,-0.46784,-0.13605,-0.40358,-0.05939
3,310,-0.46784,-0.13605,-0.40358,-0.05939
3,311,-0.50279,-0.32687,-0.40808,-0.06999
3,312,-0.50279,-0.32687,-0.40808,-0.06999
3,313,-0.50279,-0.32687,-0.40808,-0.06999
3,314,-0.50279,-0.32687,-0.40808,-0.06999
3,315,-0.50279,-0.32687,-0.40808,-0.06999
3,316,-0.52899,-0.21026,-0.41625,-0.08019
3,317,-0.52899,-0.21026,-0.41625,-0.08019
3,318,-0.52899,-0.21026,-0.41625,-0.08019
3,319,-0.52899,-0.21026,-0.41625,-0.08019
3,320,-0.52899,-0.21026,-0.41625,-0.08019
3,321,-0.5356,-0.19395,-0.40325,-0.09772
3,322,-0.5356,-0.19395,-0.40325,-0.09772
3,323,-0.5356,-0.19395,-0.40325,-0.09772
3,324,-0.5356,-0.19395,-0.40325,-0.09772
3,325,-0.5356,-0.19395,-0.40325,-0.09772
3,326,-0.54419,-0.31953,-0.4082,-0.08345
3,327,-0.54419,-0.31953,-0.4082,-0.08345
3,328,-0.54419,-0.31953,-0.4082,-0.08345
3,329,-0.54419,-0.31953,-0.4082,-0.08345
3,330,-0.54419,-0.31953,-0.4082,-0.08345
3,331,-0.56666,-0.22942,-0.41681,0.00748
3,332,-0.56666,-0.22942,-0.41681,0.00748
3,333,-0.56666,-0.22942,-0.41681,0.00748
3,334,-0.56666,-0.22942,-0.41681,0.00748
3,335,-0.56666,-0.22942,-0.41681,0.00748
3,336,-0.58918,-0.32647,-0.45516,-0.08508
3,337,-0.58918,-0.32647,-0.45516,-0.08508
3,338,-0.58918,-0.32647,-0.45516,-0.08508
3,339,-0.58918,-0.32647,-0.45516,-0.08508
3,340,-0.58918,-0.32647,-0.45516,-0.08508
3,341,-0.6161,-0.29425,-0.45652,0.0719
3,342,-0.6161,-0.29425,-0.45652,0.0719
3,343,-0.6161,-0.29425,-0.45652,0.0719
3,344,-0.6161,-0.29425,-0.45652,0.0719
3,345,-0.6161,-0.29425,-0.45652,0.0719
3,346,-0.64176,-0.34848,-0.46316,0.03072
3,347,-0.64176,-0.34848,-0.46316,0.03072
3,348,-0.64176,-0.34848,-0.46316,0.03072
3,349,-0.64176,-0.34848,-0.46316,0.03072
3,350,-0.64176,-0.34848,-0.46316,0.03072
3,351,-0.67097,-0.25756,-0.4694,-0.04757
3,352,-0.67097,-0.25756,-0.4694,-0.04757
3,353,-0.67097,-0.25756,-0.4694,-0.04757
3,354,-0.67097,-0.25756,-0.4694,-0.04757
3,355,-0.67097,-0.25756,-0.4694,-0.04757
3,356,-0.69393,-0.33951,-0.48895,-0.04553
3,357,-0.69393,-0.33951,-0.48895,-0.04553
3,358,-0.69393,-0.33951,-0.48895,-0.04553
3,359,-0.69393,-0.33951,-0.48895,-0.04553
3,360,-0.69393,-0.33951,-0.48895,-0.04553
3,361,-0.69163,-0.25429,-0.47728,-0.01821
3,362,-0.69163,-0.25429,-0.47728,-0.01821
3,363,-0.69163,-0.25429,-0.47728,-0.01821
3,364,-0.69163,-0.25429,-0.47728,-0.01821
3,365,-0.69163,-0.25429,-0.47728,-0.01821
3,366,-0.7202,-0.15888,-0.47211,0.03276
3,367,-0.7202,-0.15888,-0.47211,0.03276
3,368,-0.7202,-0.15888,-0.47211,0.03276
3,369,-0.7202,-0.15888,-0.47211,0.03276
3,370,-0.7202,-0.15888,-0.47211,0.03276
3,371,-0.74667,-0.3073,-0.49286,-0.07692
3,372,-0.74667,-0.3073,-0.49286,-0.07692
3,373,-0.74667,-0.3073,-0.49286,-0.07692
3,374,-0.74667,-0.3073,-0.49286,-0.07692
3,375,-0.74667,-0.3073,-0.49286,-0.07692
3,376,-0.78149,-0.22657,-0.51835,0.05641
3,377,-0.78149,-0.22657,-0.51835,0.05641
3,378,-0.78149,-0.22657,-0.51835,0.05641
3,379,-0.78149,-0.22657,-0.51835,0.05641
3,380,-0.78149,-0.22657,-0.51835,0.05641
3,381,-0.78095,-0.24002,-0.49337,-0.00394
3,382,-0.78095,-0.24002,-0.49337,-0.00394
3,383,-0.78095,-0.24002,-0.49337,-0.00394
3,384,-0.78095,-0.24002,-0.49337,-0.00394
3,385,-0.78095,-0.24002,-0.49337,-0.00394
3,386,-0.77579,-0.2282,-0.47348,-0.06918
3,387,-0.77579,-0.2282,-0.47348,-0.06918
3,388,-0.77579,-0.2282,-0.47348,-0.06918
3,389,-0.77579,-0.2282,-0.47348,-0.06918
3,390,-0.77579,-0.2282,-0.47348,-0.06918
3,391,-0.80555,-0.21801,-0.46914,-0.00108
3,392,-0.80555,-0.21801,-0.46914,-0.00108
3,393,-0.80555,-0.21801,-0.46914,-0.00108
3,394,-0.80555,-0.21801,-0.46914,-0.00108
3,395,-0.80555,-0.21801,-0.46914,-0.00108
3,396,-0.83953,-0.33707,-0.48077,-0.10506
3,397,-0.83953,-0.33707,-0.48077,-0.10506
3,398,-0.83953,-0.33707,-0.48077,-0.10506
3,399,-0.83953,-0.33707,-0.48077,-0.10506
4,400,-0.83953,-0.33707,-0.48077,-0.10506
4,401,-0.8461,-0.32524,-0.47214,-0.0386
4,402,-0.8461,-0.32524,-0.47214,-0.0386
4,403,-0.8461,-0.32524,-0.47214,-0.0386
4,404,-0.8461,-0.32524,-0.47214,-0.0386
4,405,-0.8461,-0.32524,-0.47214,-0.0386
4,406,-0.90737,-0.32932,-0.4837,-0.09323
4,407,-0.90737,-0.32932,-0.4837,-0.09323
4,408,-0.90737,-0.32932,-0.4837,-0.09323
4,409,-0.90737,-0.32932,-0.4837,-0.09323
4,410,-0.90737,-0.32932,-0.4837,-0.09323
4,411,-0.9689,-0.14053,-0.48936,-0.07896
4,412,-0.9689,-0.14053,-0.48936,-0.07896
4,413,-0.9689,-0.14053,-0.48936,-0.07896
4,414,-0.9689,-0.14053,-0.48936,-0.07896
4,415,-0.9689,-0.14053,-0.48936,-0.07896
4,416,0,-0.45776,-0.50539,-0.07203
4,417,0,-0.45776,-0.50539,-0.07203
4,418,0,-0.45776,-0.50539,-0.07203
4,419,0,-0.45776,-0.50539,-0.07203
4,420,0,-0.45776,-0.50539,-0.07203
4,421,0.01112,-0.46836,-0.51737,-0.06388
4,422,0.01112,-0.46836,-0.51737,-0.06388
4,423,0.01112,-0.46836,-0.51737,-0.06388
4,424,0.01112,-0.46836,-0.51737,-0.06388
4,425,0.01112,-0.46836,-0.51737,-0.06388
4,426,0.02234,-0.38396,-0.53011,-0.1336
4,427,0.02234,-0.38396,-0.53011,-0.1336
4,428,0.02234,-0.38396,-0.53011,-0.1336
4,429,0.02234,-0.38396,-0.53011,-0.1336
4,430,0.02234,-0.38396,-0.53011,-0.1336
4,431,-0.04636,-0.45083,-0.5334,-0.07203
4,432,-0.04636,-0.45083,-0.5334,-0.07203
4,433,-0.04636,-0.45083,-0.5334,-0.07203
4,434,-0.04636,-0.45083,-0.5334,-0.07203
4,435,-0.04636,-0.45083,-0.5334,-0.07203
4,436,-0.11739,-0.46388,-0.5373,0.02053
4,437,-0.11739,-0.46388,-0.5373,0.02053
4,438,-0.11739,-0.46388,-0.5373,0.02053
4,439,-0.11739,-0.46388,-0.5373,0.02053
4,440,-0.11739,-0.46388,-0.5373,0.02053
4,441,-0.09794,-0.45858,-0.53645,-0.07122
4,442,-0.09794,-0.45858,-0.53645,-0.07122
4,443,-0.09794,-0.45858,-0.53645,-0.07122
4,444,-0.09794,-0.45858,-0.53645,-0.07122
4,445,-0.09794,-0.45858,-0.53645,-0.07122
4,446,-0.11886,-0.50261,-0.55025,-0.10791
4,447,-0.11886,-0.50261,-0.55025,-0.10791
4,448,-0.11886,-0.50261,-0.55025,-0.10791
4,449,-0.11886,-0.50261,-0.55025,-0.10791
4,450,-0.11886,-0.50261,-0.55025,-0.10791
4,451,-0.15401,-0.49364,-0.5982,-0.0443
4,452,-0.15401,-0.49364,-0.5982,-0.0443
4,453,-0.15401,-0.49364,-0.5982,-0.0443
4,454,-0.15401,-0.49364,-0.5982,-0.0443
4,455,-0.15401,-0.49364,-0.5982,-0.0443
4,456,-0.1884,-0.48059,-0.63091,-0.05858
4,457,-0.1884,-0.48059,-0.63091,-0.05858
4,458,-0.1884,-0.48059,-0.63091,-0.05858
4,459,-0.1884,-0.48059,-0.63091,-0.05858
4,460,-0.1884,-0.48059,-0.63091,-0.05858
4,461,-0.22049,-0.52178,-0.5891,-0.04675
4,462,-0.22049,-0.52178,-0.5891,-0.04675
4,463,-0.22049,-0.52178,-0.5891,-0.04675
4,464,-0.22049,-0.52178,-0.5891,-0.04675
4,465,-0.22049,-0.52178,-0.5891,-0.04675
4,466,-0.25797,-0.51281,-0.58817,-0.07692
4,467,-0.25797,-0.51281,-0.58817,-0.07692
4,468,-0.25797,-0.51281,-0.58817,-0.07692
4,469,-0.25797,-0.51281,-0.58817,-0.07692
4,470,-0.25797,-0.51281,-0.58817,-0.07692
4,471,-0.29047,-0.47081,-0.59176,-0.10832
4,472,-0.29047,-0.47081,-0.59176,-0.10832
4,473,-0.29047,-0.47081,-0.59176,-0.10832
4,474,-0.29047,-0.47081,-0.59176,-0.10832
4,475,-0.29047,-0.47081,-0.59176,-0.10832
4,476,-0.32897,-0.51118,-0.59683,0.06334
4,477,-0.32897,-0.51118,-0.59683,0.06334
4,478,-0.32897,-0.51118,-0.59683,0.06334
4,479,-0.32897,-0.51118,-0.59683,0.06334
4,480,-0.32897,-0.51118,-0.59683,0.06334
4,481,-0.34072,-0.48386,-0.59939,-0.06836
4,482,-0.34072,-0.48386,-0.59939,-0.06836
4,483,-0.34072,-0.48386,-0.59939,-0.06836
4,484,-0.34072,-0.48386,-0.59939,-0.06836
4,485,-0.34072,-0.48386,-0.59939,-0.06836
4,486,-0.34972,-0.46795,-0.60444,-0.08997
4,487,-0.34972,-0.46795,-0.60444,-0.08997
4,488,-0.34972,-0.46795,-0.60444,-0.08997
4,489,-0.34972,-0.46795,-0.60444,-0.08997
4,490,-0.34972,-0.46795,-0.60444,-0.08997
4,491,-0.36573,-0.50669,-0.65855,-0.08467
4,492,-0.36573,-0.50669,-0.65855,-0.08467
4,493,-0.36573,-0.50669,-0.65855,-0.08467
4,494,-0.36573,-0.50669,-0.65855,-0.08467
4,495,-0.36573,-0.50669,-0.65855,-0.08467
4,496,-0.37941,-0.48426,-0.69054,-0.06795
4,497,-0.37941,-0.48426,-0.69054,-0.06795
4,498,-0.37941,-0.48426,-0.69054,-0.06795
4,499,-0.37941,-0.48426,-0.69054,-0.06795
5,500,-0.37941,-0.48426,-0.69054,-0.06795
5,501,-0.40864,-0.47325,-0.62322,0.0136
5,502,-0.40864,-0.47325,-0.62322,0.0136
5,503,-0.40864,-0.47325,-0.62322,0.0136
5,504,-0.40864,-0.47325,-0.62322,0.0136
5,505,-0.40864,-0.47325,-0.62322,0.0136
5,506,-0.4401,-0.46428,-0.63586,-0.01699
5,507,-0.4401,-0.46428,-0.63586,-0.01699
5,508,-0.4401,-0.46428,-0.63586,-0.01699
5,509,-0.4401,-0.46428,-0.63586,-0.01699
5,510,-0.4401,-0.46428,-0.63586,-0.01699
5,511,-0.43984,-0.47856,-0.64291,-0.00312
5,512,-0.43984,-0.47856,-0.64291,-0.00312
5,513,-0.43984,-0.47856,-0.64291,-0.00312
5,514,-0.43984,-0.47856,-0.64291,-0.00312
5,515,-0.43984,-0.47856,-0.64291,-0.00312
5,516,-0.46546,-0.49364,-0.63745,-0.09568
5,517,-0.46546,-0.49364,-0.63745,-0.09568
5,518,-0.46546,-0.49364,-0.63745,-0.09568
5,519,-0.46546,-0.49364,-0.63745,-0.09568
5,520,-0.46546,-0.49364,-0.63745,-0.09568
5,521,-0.46718,-0.48549,-0.6305,-0.10873
5,522,-0.46718,-0.48549,-0.6305,-0.10873
5,523,-0.46718,-0.48549,-0.6305,-0.10873
5,524,-0.46718,-0.48549,-0.6305,-0.10873
5,525,-0.46718,-0.48549,-0.6305,-0.10873
5,526,-0.47094,-0.48426,-0.63418,1.40E-04
5,527,-0.47094,-0.48426,-0.63418,1.40E-04
5,528,-0.47094,-0.48426,-0.63418,1.40E-04
5,529,-0.47094,-0.48426,-0.63418,1.40E-04
5,530,-0.47094,-0.48426,-0.63418,1.40E-04
5,531,-0.47362,-0.45368,-0.68285,-0.09854
5,532,-0.47362,-0.45368,-0.68285,-0.09854
5,533,-0.47362,-0.45368,-0.68285,-0.09854
5,534,-0.47362,-0.45368,-0.68285,-0.09854
5,535,-0.47362,-0.45368,-0.68285,-0.09854
5,536,-0.48368,-0.40679,-0.7488,0.05926
5,537,-0.48368,-0.40679,-0.7488,0.05926
5,538,-0.48368,-0.40679,-0.7488,0.05926
5,539,-0.48368,-0.40679,-0.7488,0.05926
5,540,-0.48368,-0.40679,-0.7488,0.05926
5,541,-0.47058,-0.43533,-0.75499,0.04377
5,542,-0.47058,-0.43533,-0.75499,0.04377
5,543,-0.47058,-0.43533,-0.75499,0.04377
5,544,-0.47058,-0.43533,-0.75499,0.04377
5,545,-0.47058,-0.43533,-0.75499,0.04377
5,546,-0.48138,-0.41046,-0.75599,-0.11607
5,547,-0.48138,-0.41046,-0.75599,-0.11607
5,548,-0.48138,-0.41046,-0.75599,-0.11607
5,549,-0.48138,-0.41046,-0.75599,-0.11607
5,550,-0.48138,-0.41046,-0.75599,-0.11607
5,551,-0.49533,-0.49323,-0.76726,-0.03737
5,552,-0.49533,-0.49323,-0.76726,-0.03737
5,553,-0.49533,-0.49323,-0.76726,-0.03737
5,554,-0.49533,-0.49323,-0.76726,-0.03737
5,555,-0.49533,-0.49323,-0.76726,-0.03737
5,556,-0.51335,-0.52137,-0.77767,-0.08059
5,557,-0.51335,-0.52137,-0.77767,-0.08059
5,558,-0.51335,-0.52137,-0.77767,-0.08059
5,559,-0.51335,-0.52137,-0.77767,-0.08059
5,560,-0.51335,-0.52137,-0.77767,-0.08059
5,561,-0.5061,-0.48997,-0.76243,-0.06388
5,562,-0.5061,-0.48997,-0.76243,-0.06388
5,563,-0.5061,-0.48997,-0.76243,-0.06388
5,564,-0.5061,-0.48997,-0.76243,-0.06388
5,565,-0.5061,-0.48997,-0.76243,-0.06388
5,566,-0.50419,-0.39048,-0.76143,0.03072
5,567,-0.50419,-0.39048,-0.76143,0.03072
5,568,-0.50419,-0.39048,-0.76143,0.03072
5,569,-0.50419,-0.39048,-0.76143,0.03072
5,570,-0.50419,-0.39048,-0.76143,0.03072
5,571,-0.49964,-0.47692,-0.78056,-0.08834
5,572,-0.49964,-0.47692,-0.78056,-0.08834
5,573,-0.49964,-0.47692,-0.78056,-0.08834
5,574,-0.49964,-0.47692,-0.78056,-0.08834
5,575,-0.49964,-0.47692,-0.78056,-0.08834
5,576,-0.49554,-0.4492,-0.82389,-0.06632
5,577,-0.49554,-0.4492,-0.82389,-0.06632
5,578,-0.49554,-0.4492,-0.82389,-0.06632
5,579,-0.49554,-0.4492,-0.82389,-0.06632
5,580,-0.49554,-0.4492,-0.82389,-0.06632
5,581,-0.49441,-0.46184,-0.77614,-0.07366
5,582,-0.49441,-0.46184,-0.77614,-0.07366
5,583,-0.49441,-0.46184,-0.77614,-0.07366
5,584,-0.49441,-0.46184,-0.77614,-0.07366
5,585,-0.49441,-0.46184,-0.77614,-0.07366
5,586,-0.48244,-0.3807,-0.72884,5.47E-04
5,587,-0.48244,-0.3807,-0.72884,5.47E-04
5,588,-0.48244,-0.3807,-0.72884,5.47E-04
5,589,-0.48244,-0.3807,-0.72884,5.47E-04
5,590,-0.48244,-0.3807,-0.72884,5.47E-04
5,591,-0.47008,-0.43941,-0.74362,-0.10873
5,592,-0.47008,-0.43941,-0.74362,-0.10873
5,593,-0.47008,-0.43941,-0.74362,-0.10873
5,594,-0.47008,-0.43941,-0.74362,-0.10873
5,595,-0.47008,-0.43941,-0.74362,-0.10873
5,596,-0.45603,-0.4386,-0.75479,-0.14828
5,597,-0.45603,-0.4386,-0.75479,-0.14828
5,598,-0.45603,-0.4386,-0.75479,-0.14828
5,599,-0.45603,-0.4386,-0.75479,-0.14828
6,600,-0.45603,-0.4386,-0.75479,-0.14828
6,601,-0.45711,-0.44675,-0.74052,-0.09242
6,602,-0.45711,-0.44675,-0.74052,-0.09242
6,603,-0.45711,-0.44675,-0.74052,-0.09242
6,604,-0.45711,-0.44675,-0.74052,-0.09242
6,605,-0.45711,-0.44675,-0.74052,-0.09242
6,606,-0.4431,-0.46632,-0.77953,-0.07366
6,607,-0.4431,-0.46632,-0.77953,-0.07366
6,608,-0.4431,-0.46632,-0.77953,-0.07366
6,609,-0.4431,-0.46632,-0.77953,-0.07366
6,610,-0.4431,-0.46632,-0.77953,-0.07366
6,611,-0.44377,-0.48671,-0.80507,-0.04879
6,612,-0.44377,-0.48671,-0.80507,-0.04879
6,613,-0.44377,-0.48671,-0.80507,-0.04879
6,614,-0.44377,-0.48671,-0.80507,-0.04879
6,615,-0.44377,-0.48671,-0.80507,-0.04879
6,616,-0.44643,-0.51485,-0.82405,-0.05164
6,617,-0.44643,-0.51485,-0.82405,-0.05164
6,618,-0.44643,-0.51485,-0.82405,-0.05164
6,619,-0.44643,-0.51485,-0.82405,-0.05164
6,620,-0.44643,-0.51485,-0.82405,-0.05164
6,621,-0.4451,-0.38926,-0.82749,-0.06306
6,622,-0.4451,-0.38926,-0.82749,-0.06306
6,623,-0.4451,-0.38926,-0.82749,-0.06306
6,624,-0.4451,-0.38926,-0.82749,-0.06306
6,625,-0.4451,-0.38926,-0.82749,-0.06306
6,626,-0.44702,-0.47937,-0.84348,0.04907
6,627,-0.44702,-0.47937,-0.84348,0.04907
6,628,-0.44702,-0.47937,-0.84348,0.04907
6,629,-0.44702,-0.47937,-0.84348,0.04907
6,630,-0.44702,-0.47937,-0.84348,0.04907
6,631,-0.44075,-0.51321,-0.85623,-0.08956
6,632,-0.44075,-0.51321,-0.85623,-0.08956
6,633,-0.44075,-0.51321,-0.85623,-0.08956
6,634,-0.44075,-0.51321,-0.85623,-0.08956
6,635,-0.44075,-0.51321,-0.85623,-0.08956
6,636,-0.43632,-0.39211,-0.88265,0.0242
6,637,-0.43632,-0.39211,-0.88265,0.0242
6,638,-0.43632,-0.39211,-0.88265,0.0242
6,639,-0.43632,-0.39211,-0.88265,0.0242
6,640,-0.43632,-0.39211,-0.88265,0.0242
6,641,-0.43952,-0.47366,-0.86314,-0.11403
6,642,-0.43952,-0.47366,-0.86314,-0.11403
6,643,-0.43952,-0.47366,-0.86314,-0.11403
6,644,-0.43952,-0.47366,-0.86314,-0.11403
6,645,-0.43952,-0.47366,-0.86314,-0.11403
6,646,-0.44247,-0.4072,-0.88283,0.04988
6,647,-0.44247,-0.4072,-0.88283,0.04988
6,648,-0.44247,-0.4072,-0.88283,0.04988
6,649,-0.44247,-0.4072,-0.88283,0.04988
6,650,-0.44247,-0.4072,-0.88283,0.04988
6,651,-0.45259,-0.48263,-0.90491,-0.11281
6,652,-0.45259,-0.48263,-0.90491,-0.11281
6,653,-0.45259,-0.48263,-0.90491,-0.11281
6,654,-0.45259,-0.48263,-0.90491,-0.11281
6,655,-0.45259,-0.48263,-0.90491,-0.11281
6,656,-0.45925,-0.47162,-0.94011,-0.06877
6,657,-0.45925,-0.47162,-0.94011,-0.06877
6,658,-0.45925,-0.47162,-0.94011,-0.06877
6,659,-0.45925,-0.47162,-0.94011,-0.06877
6,660,-0.45925,-0.47162,-0.94011,-0.06877
6,661,-0.46016,-0.46306,-0.90893,-0.12259
6,662,-0.46016,-0.46306,-0.90893,-0.12259
6,663,-0.46016,-0.46306,-0.90893,-0.12259
6,664,-0.46016,-0.46306,-0.90893,-0.12259
6,665,-0.46016,-0.46306,-0.90893,-0.12259
6,666,-0.45664,-0.46184,-0.92208,-0.10547
6,667,-0.45664,-0.46184,-0.92208,-0.10547
6,668,-0.45664,-0.46184,-0.92208,-0.10547
6,669,-0.45664,-0.46184,-0.92208,-0.10547
6,670,-0.45664,-0.46184,-0.92208,-0.10547
6,671,-0.44951,-0.39578,-0.93579,0.02991
6,672,-0.44951,-0.39578,-0.93579,0.02991
6,673,-0.44951,-0.39578,-0.93579,0.02991
6,674,-0.44951,-0.39578,-0.93579,0.02991
6,675,-0.44951,-0.39578,-0.93579,0.02991
6,676,-0.44086,-0.49813,-0.93435,0.06783
6,677,-0.44086,-0.49813,-0.93435,0.06783
6,678,-0.44086,-0.49813,-0.93435,0.06783
6,679,-0.44086,-0.49813,-0.93435,0.06783
6,680,-0.44086,-0.49813,-0.93435,0.06783
6,681,-0.44232,-0.48263,-0.94667,-0.08019
6,682,-0.44232,-0.48263,-0.94667,-0.08019
6,683,-0.44232,-0.48263,-0.94667,-0.08019
6,684,-0.44232,-0.48263,-0.94667,-0.08019
6,685,-0.44232,-0.48263,-0.94667,-0.08019
6,686,-0.44704,-0.46592,-0.95065,-0.0912
6,687,-0.44704,-0.46592,-0.95065,-0.0912
6,688,-0.44704,-0.46592,-0.95065,-0.0912
6,689,-0.44704,-0.46592,-0.95065,-0.0912
6,690,-0.44704,-0.46592,-0.95065,-0.0912
6,691,-0.45109,-0.5018,-0.95951,-0.10139
6,692,-0.45109,-0.5018,-0.95951,-0.10139
6,693,-0.45109,-0.5018,-0.95951,-0.10139
6,694,-0.45109,-0.5018,-0.95951,-0.10139
6,695,-0.45109,-0.5018,-0.95951,-0.10139
6,696,-0.47233,-0.53034,-0.99136,0.01074
6,697,-0.47233,-0.53034,-0.99136,0.01074
6,698,-0.47233,-0.53034,-0.99136,0.01074
6,699,-0.47233,-0.53034,-0.99136,0.01074
7,700,-0.47233,-0.53034,-0.99136,0.01074
7,701,-0.4671,-0.50914,-0.98661,-0.07978
7,702,-0.4671,-0.50914,-0.98661,-0.07978
7,703,-0.4671,-0.50914,-0.98661,-0.07978
7,704,-0.4671,-0.50914,-0.98661,-0.07978
7,705,-0.4671,-0.50914,-0.98661,-0.07978
7,706,-0.51758,-0.41169,-0.996,0.00748
7,707,-0.51758,-0.41169,-0.996,0.00748
7,708,-0.51758,-0.41169,-0.996,0.00748
7,709,-0.51758,-0.41169,-0.996,0.00748
7,710,-0.51758,-0.41169,-0.996,0.00748
7,711,-0.57269,-0.37784,0,-0.47162
7,712,-0.57269,-0.37784,0,-0.47162
7,713,-0.57269,-0.37784,0,-0.47162
7,714,-0.57269,-0.37784,0,-0.47162
7,715,-0.57269,-0.37784,0,-0.47162
7,716,-0.61738,-0.44757,-0.0129,-0.52504
7,717,-0.61738,-0.44757,-0.0129,-0.52504
7,718,-0.61738,-0.44757,-0.0129,-0.52504
7,719,-0.61738,-0.44757,-0.0129,-0.52504
7,720,-0.61738,-0.44757,-0.0129,-0.52504
7,721,-0.61608,-0.46469,-0.00412,-0.51077
7,722,-0.61608,-0.46469,-0.00412,-0.51077
7,723,-0.61608,-0.46469,-0.00412,-0.51077
7,724,-0.61608,-0.46469,-0.00412,-0.51077
7,725,-0.61608,-0.46469,-0.00412,-0.51077
7,726,-0.61391,-0.44961,0.00812,-0.43493
7,727,-0.61391,-0.44961,0.00812,-0.43493
7,728,-0.61391,-0.44961,0.00812,-0.43493
7,729,-0.61391,-0.44961,0.00812,-0.43493
7,730,-0.61391,-0.44961,0.00812,-0.43493
7,731,-0.60727,-0.40149,0.01618,-0.49038
7,732,-0.60727,-0.40149,0.01618,-0.49038
7,733,-0.60727,-0.40149,0.01618,-0.49038
7,734,-0.60727,-0.40149,0.01618,-0.49038
7,735,-0.60727,-0.40149,0.01618,-0.49038
7,736,-0.60491,-0.48467,0.03264,-0.4651
7,737,-0.60491,-0.48467,0.03264,-0.4651
7,738,-0.60491,-0.48467,0.03264,-0.4651
7,739,-0.60491,-0.48467,0.03264,-0.4651
7,740,-0.60491,-0.48467,0.03264,-0.4651
7,741,-0.60402,-0.41046,0.03703,-0.40435
7,742,-0.60402,-0.41046,0.03703,-0.40435
7,743,-0.60402,-0.41046,0.03703,-0.40435
7,744,-0.60402,-0.41046,0.03703,-0.40435
7,745,-0.60402,-0.41046,0.03703,-0.40435
7,746,-0.59596,-0.46347,0.04132,-0.50424
7,747,-0.59596,-0.46347,0.04132,-0.50424
7,748,-0.59596,-0.46347,0.04132,-0.50424
7,749,-0.59596,-0.46347,0.04132,-0.50424
7,750,-0.59596,-0.46347,0.04132,-0.50424
7,751,-0.58923,-0.48712,0.02349,-0.50954
7,752,-0.58923,-0.48712,0.02349,-0.50954
7,753,-0.58923,-0.48712,0.02349,-0.50954
7,754,-0.58923,-0.48712,0.02349,-0.50954
7,755,-0.58923,-0.48712,0.02349,-0.50954
7,756,-0.58793,-0.47978,0.00713,-0.4916
7,757,-0.58793,-0.47978,0.00713,-0.4916
7,758,-0.58793,-0.47978,0.00713,-0.4916
7,759,-0.58793,-0.47978,0.00713,-0.4916
7,760,-0.58793,-0.47978,0.00713,-0.4916
7,761,-0.58854,-0.46836,0.0302,-0.51688
7,762,-0.58854,-0.46836,0.0302,-0.51688
7,763,-0.58854,-0.46836,0.0302,-0.51688
7,764,-0.58854,-0.46836,0.0302,-0.51688
7,765,-0.58854,-0.46836,0.0302,-0.51688
7,766,-0.5977,-0.37499,0.02596,-0.43044
7,767,-0.5977,-0.37499,0.02596,-0.43044
7,768,-0.5977,-0.37499,0.02596,-0.43044
7,769,-0.5977,-0.37499,0.02596,-0.43044
7,770,-0.5977,-0.37499,0.02596,-0.43044
7,771,-0.60431,-0.46999,0.01837,-0.46592
7,772,-0.60431,-0.46999,0.01837,-0.46592
7,773,-0.60431,-0.46999,0.01837,-0.46592
7,774,-0.60431,-0.46999,0.01837,-0.46592
7,775,-0.60431,-0.46999,0.01837,-0.46592
7,776,-0.61204,-0.42433,0.00692,-0.41739
7,777,-0.61204,-0.42433,0.00692,-0.41739
7,778,-0.61204,-0.42433,0.00692,-0.41739
7,779,-0.61204,-0.42433,0.00692,-0.41739
7,780,-0.61204,-0.42433,0.00692,-0.41739
7,781,-0.61341,-0.49813,0.03728,-0.48426
7,782,-0.61341,-0.49813,0.03728,-0.48426
7,783,-0.61341,-0.49813,0.03728,-0.48426
7,784,-0.61341,-0.49813,0.03728,-0.48426
7,785,-0.61341,-0.49813,0.03728,-0.48426
7,786,-0.61327,-0.48549,0.06857,-0.43248
7,787,-0.61327,-0.48549,0.06857,-0.43248
7,788,-0.61327,-0.48549,0.06857,-0.43248
7,789,-0.61327,-0.48549,0.06857,-0.43248
7,790,-0.61327,-0.48549,0.06857,-0.43248
7,791,-0.63289,-0.46959,0.09903,-0.40312
7,792,-0.63289,-0.46959,0.09903,-0.40312
7,793,-0.63289,-0.46959,0.09903,-0.40312
7,794,-0.63289,-0.46959,0.09903,-0.40312
7,795,-0.63289,-0.46959,0.09903,-0.40312
7,796,-0.6601,-0.50057,0.12691,-0.44186
7,797,-0.6601,-0.50057,0.12691,-0.44186
7,798,-0.6601,-0.50057,0.12691,-0.44186
7,799,-0.6601,-0.50057,0.12691,-0.44186
8,800,-0.6601,-0.50057,0.12691,-0.44186
8,801,-0.66188,-0.49772,0.09431,-0.48753
8,802,-0.66188,-0.49772,0.09431,-0.48753
8,803,-0.66188,-0.49772,0.09431,-0.48753
8,804,-0.66188,-0.49772,0.09431,-0.48753
8,805,-0.66188,-0.49772,0.09431,-0.48753
8,806,-0.67824,-0.47856,0.07807,-0.49813
8,807,-0.67824,-0.47856,0.07807,-0.49813
8,808,-0.67824,-0.47856,0.07807,-0.49813
8,809,-0.67824,-0.47856,0.07807,-0.49813
8,810,-0.67824,-0.47856,0.07807,-0.49813
8,811,-0.70046,-0.41128,0.102,-0.4337
8,812,-0.70046,-0.41128,0.102,-0.4337
8,813,-0.70046,-0.41128,0.102,-0.4337
8,814,-0.70046,-0.41128,0.102,-0.4337
8,815,-0.70046,-0.41128,0.102,-0.4337
8,816,-0.71749,-0.51321,0.11922,-0.46021
8,817,-0.71749,-0.51321,0.11922,-0.46021
8,818,-0.71749,-0.51321,0.11922,-0.46021
8,819,-0.71749,-0.51321,0.11922,-0.46021
8,820,-0.71749,-0.51321,0.11922,-0.46021
8,821,-0.74022,-0.37499,0.09931,-0.47937
8,822,-0.74022,-0.37499,0.09931,-0.47937
8,823,-0.74022,-0.37499,0.09931,-0.47937
8,824,-0.74022,-0.37499,0.09931,-0.47937
8,825,-0.74022,-0.37499,0.09931,-0.47937
8,826,-0.76301,-0.42229,0.07975,-0.47529
8,827,-0.76301,-0.42229,0.07975,-0.47529
8,828,-0.76301,-0.42229,0.07975,-0.47529
8,829,-0.76301,-0.42229,0.07975,-0.47529
8,830,-0.76301,-0.42229,0.07975,-0.47529
8,831,-0.78514,-0.48426,0.08821,-0.44104
8,832,-0.78514,-0.48426,0.08821,-0.44104
8,833,-0.78514,-0.48426,0.08821,-0.44104
8,834,-0.78514,-0.48426,0.08821,-0.44104
8,835,-0.78514,-0.48426,0.08821,-0.44104
8,836,-0.79613,-0.42514,0.10124,-0.3758
8,837,-0.79613,-0.42514,0.10124,-0.3758
8,838,-0.79613,-0.42514,0.10124,-0.3758
8,839,-0.79613,-0.42514,0.10124,-0.3758
8,840,-0.79613,-0.42514,0.10124,-0.3758
8,841,-0.79634,-0.42106,0.09471,-0.47733
8,842,-0.79634,-0.42106,0.09471,-0.47733
8,843,-0.79634,-0.42106,0.09471,-0.47733
8,844,-0.79634,-0.42106,0.09471,-0.47733
8,845,-0.79634,-0.42106,0.09471,-0.47733
8,846,-0.79822,-0.51077,0.08402,-0.41576
8,847,-0.79822,-0.51077,0.08402,-0.41576
8,848,-0.79822,-0.51077,0.08402,-0.41576
8,849,-0.79822,-0.51077,0.08402,-0.41576
8,850,-0.79822,-0.51077,0.08402,-0.41576
8,851,-0.79864,-0.44675,0.07953,-0.49283
8,852,-0.79864,-0.44675,0.07953,-0.49283
8,853,-0.79864,-0.44675,0.07953,-0.49283
8,854,-0.79864,-0.44675,0.07953,-0.49283
8,855,-0.79864,-0.44675,0.07953,-0.49283
8,856,-0.80271,-0.46021,0.08053,-0.5124
8,857,-0.80271,-0.46021,0.08053,-0.5124
8,858,-0.80271,-0.46021,0.08053,-0.5124
8,859,-0.80271,-0.46021,0.08053,-0.5124
8,860,-0.80271,-0.46021,0.08053,-0.5124
8,861,-0.80622,-0.46021,0.11141,-0.4859
8,862,-0.80622,-0.46021,0.11141,-0.4859
8,863,-0.80622,-0.46021,0.11141,-0.4859
8,864,-0.80622,-0.46021,0.11141,-0.4859
8,865,-0.80622,-0.46021,0.11141,-0.4859
8,866,-0.80765,-0.49609,0.13567,-0.49487
8,867,-0.80765,-0.49609,0.13567,-0.49487
8,868,-0.80765,-0.49609,0.13567,-0.49487
8,869,-0.80765,-0.49609,0.13567,-0.49487
8,870,-0.80765,-0.49609,0.13567,-0.49487
8,871,-0.8159,-0.45695,0.1274,-0.4545
8,872,-0.8159,-0.45695,0.1274,-0.4545
8,873,-0.8159,-0.45695,0.1274,-0.4545
8,874,-0.8159,-0.45695,0.1274,-0.4545
8,875,-0.8159,-0.45695,0.1274,-0.4545
8,876,-0.82358,-0.46184,0.11827,-0.46061
8,877,-0.82358,-0.46184,0.11827,-0.46061
8,878,-0.82358,-0.46184,0.11827,-0.46061
8,879,-0.82358,-0.46184,0.11827,-0.46061
8,880,-0.82358,-0.46184,0.11827,-0.46061
8,881,-0.82052,-0.50098,0.1244,-0.5283
8,882,-0.82052,-0.50098,0.1244,-0.5283
8,883,-0.82052,-0.50098,0.1244,-0.5283
8,884,-0.82052,-0.50098,0.1244,-0.5283
8,885,-0.82052,-0.50098,0.1244,-0.5283
8,886,-0.81668,-0.50995,0.12423,-0.40516
8,887,-0.81668,-0.50995,0.12423,-0.40516
8,888,-0.81668,-0.50995,0.12423,-0.40516
8,889,-0.81668,-0.50995,0.12423,-0.40516
8,890,-0.81668,-0.50995,0.12423,-0.40516
8,891,-0.81296,-0.45328,0.12442,-0.48304
8,892,-0.81296,-0.45328,0.12442,-0.48304
8,893,-0.81296,-0.45328,0.12442,-0.48304
8,894,-0.81296,-0.45328,0.12442,-0.48304
8,895,-0.81296,-0.45328,0.12442,-0.48304
8,896,-0.84014,-0.47366,0.13564,-0.49446
8,897,-0.84014,-0.47366,0.13564,-0.49446
8,898,-0.84014,-0.47366,0.13564,-0.49446
8,899,-0.84014,-0.47366,0.13564,-0.49446
9,900,-0.84014,-0.47366,0.13564,-0.49446
9,901,-0.83526,-0.48956,0.13342,-0.48426
9,902,-0.83526,-0.48956,0.13342,-0.48426
9,903,-0.83526,-0.48956,0.13342,-0.48426
9,904,-0.83526,-0.48956,0.13342,-0.48426
9,905,-0.83526,-0.48956,0.13342,-0.48426
9,906,-0.85027,-0.49038,0.13588,-0.45776
9,907,-0.85027,-0.49038,0.13588,-0.45776
9,908,-0.85027,-0.49038,0.13588,-0.45776
9,909,-0.85027,-0.49038,0.13588,-0.45776
9,910,-0.85027,-0.49038,0.13588,-0.45776
9,911,-0.86339,-0.3811,0.13279,-0.46836
9,912,-0.86339,-0.3811,0.13279,-0.46836
9,913,-0.86339,-0.3811,0.13279,-0.46836
9,914,-0.86339,-0.3811,0.13279,-0.46836
9,915,-0.86339,-0.3811,0.13279,-0.46836
9,916,-0.87586,-0.51362,0.12528,-0.38396
9,917,-0.87586,-0.51362,0.12528,-0.38396
9,918,-0.87586,-0.51362,0.12528,-0.38396
9,919,-0.87586,-0.51362,0.12528,-0.38396
9,920,-0.87586,-0.51362,0.12528,-0.38396
9,921,-0.87646,-0.51607,0.13299,-0.40271
9,922,-0.87646,-0.51607,0.13299,-0.40271
9,923,-0.87646,-0.51607,0.13299,-0.40271
9,924,-0.87646,-0.51607,0.13299,-0.40271
9,925,-0.87646,-0.51607,0.13299,-0.40271
9,926,-0.87864,-0.51688,0.14137,-0.35501
9,927,-0.87864,-0.51688,0.14137,-0.35501
9,928,-0.87864,-0.51688,0.14137,-0.35501
9,929,-0.87864,-0.51688,0.14137,-0.35501
9,930,-0.87864,-0.51688,0.14137,-0.35501
9,931,-0.8801,-0.47244,0.14542,-0.39293
9,932,-0.8801,-0.47244,0.14542,-0.39293
9,933,-0.8801,-0.47244,0.14542,-0.39293
9,934,-0.8801,-0.47244,0.14542,-0.39293
9,935,-0.8801,-0.47244,0.14542,-0.39293
9,936,-0.8864,-0.46632,0.15043,-0.38722
9,937,-0.8864,-0.46632,0.15043,-0.38722
9,938,-0.8864,-0.46632,0.15043,-0.38722
9,939,-0.8864,-0.46632,0.15043,-0.38722
9,940,-0.8864,-0.46632,0.15043,-0.38722
9,941,-0.88436,-0.5177,0.14725,-0.51362
9,942,-0.88436,-0.5177,0.14725,-0.51362
9,943,-0.88436,-0.5177,0.14725,-0.51362
9,944,-0.88436,-0.5177,0.14725,-0.51362
9,945,-0.88436,-0.5177,0.14725,-0.51362
9,946,-0.88237,-0.49201,0.1463,-0.39823
9,947,-0.88237,-0.49201,0.1463,-0.39823
9,948,-0.88237,-0.49201,0.1463,-0.39823
9,949,-0.88237,-0.49201,0.1463,-0.39823
9,950,-0.88237,-0.49201,0.1463,-0.39823
9,951,-0.88053,-0.40475,0.14169,-0.49894
9,952,-0.88053,-0.40475,0.14169,-0.49894
9,953,-0.88053,-0.40475,0.14169,-0.49894
9,954,-0.88053,-0.40475,0.14169,-0.49894
9,955,-0.88053,-0.40475,0.14169,-0.49894
9,956,-0.89181,-0.40068,0.12533,-0.40516
9,957,-0.89181,-0.40068,0.12533,-0.40516
9,958,-0.89181,-0.40068,0.12533,-0.40516
9,959,-0.89181,-0.40068,0.12533,-0.40516
9,960,-0.89181,-0.40068,0.12533,-0.40516
9,961,-0.87904,-0.50139,0.14672,-0.46061
9,962,-0.87904,-0.50139,0.14672,-0.46061
9,963,-0.87904,-0.50139,0.14672,-0.46061
9,964,-0.87904,-0.50139,0.14672,-0.46061
9,965,-0.87904,-0.50139,0.14672,-0.46061
9,966,-0.86342,-0.47692,0.15972,-0.46755
9,967,-0.86342,-0.47692,0.15972,-0.46755
9,968,-0.86342,-0.47692,0.15972,-0.46755
9,969,-0.86342,-0.47692,0.15972,-0.46755
9,970,-0.86342,-0.47692,0.15972,-0.46755
9,971,-0.85467,-0.47652,0.14669,-0.47489
9,972,-0.85467,-0.47652,0.14669,-0.47489
9,973,-0.85467,-0.47652,0.14669,-0.47489
9,974,-0.85467,-0.47652,0.14669,-0.47489
9,975,-0.85467,-0.47652,0.14669,-0.47489
9,976,-0.85324,-0.44227,0.13355,-0.38274
9,977,-0.85324,-0.44227,0.13355,-0.38274
9,978,-0.85324,-0.44227,0.13355,-0.38274
9,979,-0.85324,-0.44227,0.13355,-0.38274
9,980,-0.85324,-0.44227,0.13355,-0.38274
9,981,-0.85177,-0.51525,0.1505,-0.47774
9,982,-0.85177,-0.51525,0.1505,-0.47774
9,983,-0.85177,-0.51525,0.1505,-0.47774
9,984,-0.85177,-0.51525,0.1505,-0.47774
9,985,-0.85177,-0.51525,0.1505,-0.47774
9,986,-0.84547,-0.49568,0.16546,-0.49813
9,987,-0.84547,-0.49568,0.16546,-0.49813
9,988,-0.84547,-0.49568,0.16546,-0.49813
9,989,-0.84547,-0.49568,0.16546,-0.49813
9,990,-0.84547,-0.49568,0.16546,-0.49813
9,991,-0.85076,-0.47611,0.18251,-0.44797
9,992,-0.85076,-0.47611,0.18251,-0.44797
9,993,-0.85076,-0.47611,0.18251,-0.44797
9,994,-0.85076,-0.47611,0.18251,-0.44797
9,995,-0.85076,-0.47611,0.18251,-0.44797
9,996,-0.86302,-0.4757,0.20093,-0.43819
9,997,-0.86302,-0.4757,0.20093,-0.43819
9,998,-0.86302,-0.4757,0.20093,-0.43819
9,999,-0.86302,-0.4757,0.20093,-0.43819
10,1000,-0.86302,-0.4757,0.20093,-0.43819
